<?xml version="1.0" encoding="UTF-8"?>
<metadata xml:lang="en"><Esri><CreaDate>20170329</CreaDate><CreaTime>16502000</CreaTime><ArcGISFormat>1.0</ArcGISFormat><SyncOnce>TRUE</SyncOnce><DataProperties><lineage><Process ToolSource="c:\program files (x86)\arcgis\desktop10.1\ArcToolbox\Toolboxes\Spatial Analyst Tools.tbx\ExtractByMask" Date="20170329" Time="165020">ExtractByMask SRTM_NE_250m.tif ESH_adm0 "X:\Spatial Data\CODs\Country to HDX\Western Sahara\DEM\WS_STRM_250M"</Process></lineage></DataProperties></Esri></metadata>
